{"assets/Applogo.png":["assets/Applogo.png"],"assets/banner1.png":["assets/banner1.png"],"assets/banner2.png":["assets/banner2.png"],"assets/banner3.png":["assets/banner3.png"],"assets/banner4.png":["assets/banner4.png"],"assets/banner5.png":["assets/banner5.png"],"assets/blood-drop.png":["assets/blood-drop.png"],"assets/blood-transfusion.png":["assets/blood-transfusion.png"],"assets/hospital.png":["assets/hospital.png"],"assets/logo.png":["assets/logo.png"],"assets/profile.jpg":["assets/profile.jpg"],"packages/cupertino_icons/assets/CupertinoIcons.ttf":["packages/cupertino_icons/assets/CupertinoIcons.ttf"],"packages/flutter_map/lib/assets/flutter_map_logo.png":["packages/flutter_map/lib/assets/flutter_map_logo.png"]}